product_name,company,review_rating,favorite_feature,least_favorite_feature,review_text
Meta Quest 3,Meta,5,High-resolution display,Limited battery life,"The Meta Quest 3 offers the best balance of features and affordability. The display is stunning, but the battery life could be better."
Meta Quest 3,Meta,4,Comfortable design,Limited battery life,"Comfortable to wear for long periods, but I wish the battery lasted longer."
Meta Quest 3,Meta,5,Powerful processor,Limited battery life,"Phenomenal processing power for a VR headset. Just need to keep an eye on the battery."
Meta Quest 3,Meta,5,Affordable price,Limited battery life,"Best value for money in the VR market. Battery life is a minor issue."
Meta Quest 3,Meta,4,Comfortable design,Limited battery life,"Great design and very comfortable, but the battery doesn't last as long as I'd like."
Meta Quest 3,Meta,5,High-resolution display,Limited battery life,"The display quality is top-notch, but battery life is a bit short."
Meta Quest 3,Meta,5,Powerful processor,Limited battery life,"Excellent performance for gaming and productivity. Battery life needs improvement."
Meta Quest 3,Meta,5,Affordable price,Limited battery life,"Most affordable high-quality VR headset. Battery life could be better."
Meta Quest 3,Meta,4,Comfortable design,Limited battery life,"Very comfortable to wear, but battery life is a drawback."
Meta Quest 3,Meta,5,High-resolution display,Limited battery life,"The display is absolutely amazing, but battery life is not the best."
Apple Vision Pro,Apple,3,Cutting-edge technology,High price,"Incredible technology but way too expensive for most people."
Apple Vision Pro,Apple,3,Amazing displays,Uncomfortable to wear,"The displays are fantastic, but it's uncomfortable to wear for long periods."
Apple Vision Pro,Apple,3,Eye tracking,High price,"Eye tracking is very impressive, but the price is a major downside."
Apple Vision Pro,Apple,2,Build quality,Uncomfortable to wear,"Great build quality, but it's too heavy and uncomfortable."
Apple Vision Pro,Apple,3,Cutting-edge technology,Limited software ecosystem,"Tech is ahead of its time, but the software needs more development."
Apple Vision Pro,Apple,3,Amazing displays,High price,"Displays are stunning, but the $3500 price tag is a dealbreaker."
Apple Vision Pro,Apple,3,Eye tracking,Uncomfortable to wear,"Impressive eye tracking, but too heavy for extended use."
Apple Vision Pro,Apple,3,Build quality,Limited software ecosystem,"Solid build quality, but the ecosystem is still developing."
Apple Vision Pro,Apple,3,Cutting-edge technology,High price,"Amazing tech, but not worth the price for mainstream consumers."
Apple Vision Pro,Apple,2,Eye tracking,Uncomfortable to wear,"Eye tracking is top-notch, but it's just too uncomfortable."
PlayStation VR2,Sony,4,Easy setup,High price,"Easy to set up and use, but a bit pricey."
PlayStation VR2,Sony,4,Great visuals,Limited game library,"Visuals are great, but the game library needs to grow."
PlayStation VR2,Sony,5,Haptics,High price,"Haptics add a new layer of immersion, but it's expensive."
PlayStation VR2,Sony,4,Immersive gaming experience,Limited game library,"Fantastic for gaming, but I wish there were more games."
PlayStation VR2,Sony,4,Easy setup,High price,"Setup is a breeze, but the cost is a bit high."
PlayStation VR2,Sony,5,Great visuals,Limited game library,"Visuals are stunning, but the game selection is limited."
PlayStation VR2,Sony,4,Haptics,High price,"Haptics are a game-changer, but it's on the pricier side."
PlayStation VR2,Sony,4,Immersive gaming experience,Limited game library,"Very immersive for gaming, but more games are needed."
PlayStation VR2,Sony,4,Easy setup,High price,"Setup is simple and straightforward, but it's a bit expensive."
PlayStation VR2,Sony,5,Great visuals,Limited game library,"Visuals are top-tier, but the library needs expansion."
Valve Index,Valve,5,High refresh rate,Requires powerful PC,"Amazing refresh rate for smooth visuals, but needs a strong PC."
Valve Index,Valve,5,Wide field of view,Requires powerful PC,"Wide field of view enhances immersion, but needs powerful hardware."
Valve Index,Valve,5,Excellent tracking,Requires powerful PC,"Tracking is spot-on, but you need a good PC to run it."
Valve Index,Valve,5,Innovative controllers,Requires powerful PC,"Controllers are revolutionary, but you need a powerful PC."
Valve Index,Valve,5,High refresh rate,Requires powerful PC,"Smoothest visuals I've seen, but needs a strong PC."
Valve Index,Valve,5,Wide field of view,Requires powerful PC,"Field of view is fantastic, but you need a powerful PC."
Valve Index,Valve,5,Excellent tracking,Requires powerful PC,"Tracking is flawless, but hardware requirements are high."
Valve Index,Valve,5,Innovative controllers,Requires powerful PC,"Controllers are the best out there, but you need a good PC."
Valve Index,Valve,5,High refresh rate,Requires powerful PC,"Refresh rate is incredible, but needs a powerful PC."
Valve Index,Valve,5,Wide field of view,Requires powerful PC,"Field of view is unmatched, but you need a powerful PC."
Meta Quest 2,Meta,4,Ease of use,Lower resolution,"Very easy to use, but resolution is lower than newer models."
Meta Quest 2,Meta,4,Large app library,Lower resolution,"Library of apps is huge, but the resolution could be better."
Meta Quest 2,Meta,4,Good display,Lower resolution,"Display is good for the price, but not as sharp as Quest 3."
Meta Quest 2,Meta,4,Ease of use,Lower resolution,"Super user-friendly, but the display resolution is not the best."
Meta Quest 2,Meta,4,Large app library,Lower resolution,"Lots of apps to choose from, but resolution is a bit lacking."
Meta Quest 2,Meta,4,Good display,Lower resolution,"Display quality is good for its price range, but not top-tier."
Meta Quest 2,Meta,4,Ease of use,Lower resolution,"Easy to set up and use, but lower resolution compared to newer models."
Meta Quest 2,Meta,4,Large app library,Lower resolution,"Great selection of apps, but resolution is not the best."
Meta Quest 2,Meta,4,Good display,Lower resolution,"Display is decent for the price, but not as sharp as newer models."
Meta Quest 2,Meta,4,Ease of use,Lower resolution,"Very user-friendly, but resolution could be better."
Xreal Air 2 Ultra,Xreal,4,Passthrough mixed reality views,Limited software,"Passthrough views are impressive, but software is limited."
Rokid Max,Rokid,4,Passthrough mixed reality views,Limited software,"Mixed reality views are promising, but software needs work."
Lenovo ThinkReality A3,Lenovo,3,Passthrough mixed reality views,Limited software,"Passthrough views are good, but software is still early stage."
Vuzix Blade Upgraded,Vuzix,3,Passthrough mixed reality views,Limited software,"Mixed reality views are decent, but software ecosystem is limited."
Snap Spectacles 4,Snap,3,Passthrough mixed reality views,Limited software,"Passthrough capabilities are interesting, but software is lacking."
Meta Quest 3,Meta,5,High-resolution display,Limited battery life,"The Meta Quest 3 offers the best balance of features and affordability. The display is stunning, but the battery life could be better."
Meta Quest 3,Meta,4,Comfortable design,Limited battery life,"Comfortable to wear for long periods, but I wish the battery lasted longer."
Meta Quest 3,Meta,5,Powerful processor,Limited battery life,"Phenomenal processing power for a VR headset. Just need to keep an eye on the battery."
Meta Quest 3,Meta,5,Affordable price,Limited battery life,"Best value for money in the VR market. Battery life is a minor issue."
Meta Quest 3,Meta,4,Comfortable design,Limited battery life,"Great design and very comfortable, but the battery doesn't last as long as I'd like."
Meta Quest 3,Meta,5,High-resolution display,Limited battery life,"The display quality is top-notch, but battery life is a bit short."
Meta Quest 3,Meta,5,Powerful processor,Limited battery life,"Excellent performance for gaming and productivity. Battery life needs improvement."
Meta Quest 3,Meta,5,Affordable price,Limited battery life,"Most affordable high-quality VR headset. Battery life could be better."
Meta Quest 3,Meta,4,Comfortable design,Limited battery life,"Very comfortable to wear, but battery life is a drawback."
Meta Quest 3,Meta,5,High-resolution display,Limited battery life,"The display is absolutely amazing, but battery life is not the best."
Apple Vision Pro,Apple,3,Cutting-edge technology,High price,"Incredible technology but way too expensive for most people."
Apple Vision Pro,Apple,3,Amazing displays,Uncomfortable to wear,"The displays are fantastic, but it's uncomfortable to wear for long periods."
Apple Vision Pro,Apple,3,Eye tracking,High price,"Eye tracking is very impressive, but the price is a major downside."
Apple Vision Pro,Apple,2,Build quality,Uncomfortable to wear,"Great build quality, but it's too heavy and uncomfortable."
Apple Vision Pro,Apple,3,Cutting-edge technology,Limited software ecosystem,"Tech is ahead of its time, but the software needs more development."
Apple Vision Pro,Apple,3,Amazing displays,High price,"Displays are stunning, but the $3500 price tag is a dealbreaker."
Apple Vision Pro,Apple,3,Eye tracking,Uncomfortable to wear,"Impressive eye tracking, but too heavy for extended use."
Apple Vision Pro,Apple,3,Build quality,Limited software ecosystem,"Solid build quality, but the ecosystem is still developing."
Apple Vision Pro,Apple,3,Cutting-edge technology,High price,"Amazing tech, but not worth the price for mainstream consumers."
Apple Vision Pro,Apple,2,Eye tracking,Uncomfortable to wear,"Eye tracking is top-notch, but it's just too uncomfortable."
PlayStation VR2,Sony,4,Easy setup,High price,"Easy to set up and use, but a bit pricey."
PlayStation VR2,Sony,4,Great visuals,Limited game library,"Visuals are great, but the game library needs to grow."
PlayStation VR2,Sony,5,Haptics,High price,"Haptics add a new layer of immersion, but it's expensive."
PlayStation VR2,Sony,4,Immersive gaming experience,Limited game library,"Fantastic for gaming, but I wish there were more games."
PlayStation VR2,Sony,4,Easy setup,High price,"Setup is a breeze, but the cost is a bit high."
PlayStation VR2,Sony,5,Great visuals,Limited game library,"Visuals are stunning, but the game selection is limited."
PlayStation VR2,Sony,4,Haptics,High price,"Haptics are a game-changer, but it's on the pricier side."
PlayStation VR2,Sony,4,Immersive gaming experience,Limited game library,"Very immersive for gaming, but more games are needed."
PlayStation VR2,Sony,4,Easy setup,High price,"Setup is simple and straightforward, but it's a bit expensive."
PlayStation VR2,Sony,5,Great visuals,Limited game library,"Visuals are top-tier, but the library needs expansion."
Valve Index,Valve,5,High refresh rate,Requires powerful PC,"Amazing refresh rate for smooth visuals, but needs a strong PC."
Valve Index,Valve,5,Wide field of view,Requires powerful PC,"Wide field of view enhances immersion, but needs powerful hardware."
Valve Index,Valve,5,Excellent tracking,Requires powerful PC,"Tracking is spot-on, but you need a good PC to run it."
Valve Index,Valve,5,Innovative controllers,Requires powerful PC,"Controllers are revolutionary, but you need a powerful PC."
Valve Index,Valve,5,High refresh rate,Requires powerful PC,"Smoothest visuals I've seen, but needs a strong PC."
Valve Index,Valve,5,Wide field of view,Requires powerful PC,"Field of view is fantastic, but you need a powerful PC."
Valve Index,Valve,5,Excellent tracking,Requires powerful PC,"Tracking is flawless, but hardware requirements are high."
Valve Index,Valve,5,Innovative controllers,Requires powerful PC,"Controllers are the best out there, but you need a good PC."
Valve Index,Valve,5,High refresh rate,Requires powerful PC,"Refresh rate is incredible, but needs a powerful PC."
Valve Index,Valve,5,Wide field of view,Requires powerful PC,"Field of view is unmatched, but you need a powerful PC."
Meta Quest 2,Meta,4,Ease of use,Lower resolution,"Very easy to use, but resolution is lower than newer models."
Meta Quest 2,Meta,4,Large app library,Lower resolution,"Library of apps is huge, but the resolution could be better."
Meta Quest 2,Meta,4,Good display,Lower resolution,"Display is good for the price, but not as sharp as Quest 3."
Meta Quest 2,Meta,4,Ease of use,Lower resolution,"Super user-friendly, but the display resolution is not the best."
Meta Quest 2,Meta,4,Large app library,Lower resolution,"Lots of apps to choose from, but resolution is a bit lacking."
Meta Quest 2,Meta,4,Good display,Lower resolution,"Display quality is good for its price range, but not top-tier."
Meta Quest 2,Meta,4,Ease of use,Lower resolution,"Easy to set up and use, but lower resolution compared to newer models."
Meta Quest 2,Meta,4,Large app library,Lower resolution,"Great selection of apps, but resolution is not the best."
Meta Quest 2,Meta,4,Good display,Lower resolution,"Display is decent for the price, but not as sharp as newer models."
Meta Quest 2,Meta,4,Ease of use,Lower resolution,"Very user-friendly, but resolution could be better."
Xreal Air 2 Ultra,Xreal,4,Passthrough mixed reality views,Limited software,"Passthrough views are impressive, but software is limited."
Rokid Max,Rokid,4,Passthrough mixed reality views,Limited software,"Mixed reality views are promising, but software needs work."
Lenovo ThinkReality A3,Lenovo,3,Passthrough mixed reality views,Limited software,"Passthrough views are good, but software is still early stage."
Vuzix Blade Upgraded,Vuzix,3,Passthrough mixed reality views,Limited software,"Mixed reality views are decent, but software ecosystem is limited."
Snap Spectacles 4,Snap,3,Passthrough mixed reality views,Limited software,"Passthrough capabilities are interesting, but software is lacking."
Meta Quest 3,Meta,5,Affordable price,Limited battery life,"Best price-to-performance ratio in the VR market. Battery life could be better."
Meta Quest 3,Meta,4,High-resolution display,Limited battery life,"Display is fantastic, but battery life needs improvement."
Meta Quest 3,Meta,5,Comfortable design,Limited battery life,"Comfortable for long sessions. Battery life is a bit short."
Meta Quest 3,Meta,5,Powerful processor,Limited battery life,"Processing power is excellent, but battery life could be improved."
Meta Quest 3,Meta,5,High-resolution display,Limited battery life,"The display is incredibly clear, but battery life is a downside."
Meta Quest 3,Meta,4,Comfortable design,Limited battery life,"Very comfortable, but battery life could be longer."
Meta Quest 3,Meta,5,Affordable price,Limited battery life,"Great value for money. Battery life is not the best, though."
Meta Quest 3,Meta,5,Powerful processor,Limited battery life,"Performance is top-notch, but battery doesn't last long enough."
Meta Quest 3,Meta,5,High-resolution display,Limited battery life,"Superb display quality, but battery life is a bit lacking."
Meta Quest 3,Meta,4,Comfortable design,Limited battery life,"Comfortable to wear, but battery life needs some work."
Apple Vision Pro,Apple,3,Cutting-edge technology,High price,"The technology is amazing, but the cost is prohibitive."
Apple Vision Pro,Apple,3,Amazing displays,Uncomfortable to wear,"Displays are top-tier, but it's uncomfortable for long use."

